file_id,latitude,longitude
6585739266,35.806375136598945,-78.63793203
6898864168,40.45526219531894,-106.7876783
10874653555,38.63823582418263,-90.2518554
9662879011,38.631396694108844,-90.2925109
5129582847,35.79810588620603,-78.68341425
14804844638,38.6234934,-90.23209238
13091850015,38.63821084611118,-90.25173395
9566689137,38.638364151120186,-90.25185792
8779134693,35.80659323371947,-78.6379011
8966892681,40.45684746466577,-106.802018
6597125629,35.806425511837006,-78.63784133
13177531615,38.638407569378614,-90.25173269
9501267988,38.63824864849448,-90.25214684
4473531854,35.797961885109544,-78.68306765
10160647286,38.62358576618135,-90.23221468
6865713108,35.85919436998665,-78.62894688
6481891427,35.806136671453714,-78.63772223
11158147654,38.64387374,-90.27897002
6100374130,35.78796931542456,-78.67030394
11907410265,38.63146676681936,-90.29255365
12111489324,39.10593470558524,-84.51556661
11398740811,38.638152005150914,-90.25150906
7098045679,39.641153924167156,-105.8723085
10967625766,38.63819777034223,-90.25180813
10724815223,38.63822610117495,-90.25135802
11719340041,38.63828242756426,-90.25159724
11951856259,38.63823481835425,-90.25175398
11880291018,40.45174062252045,-106.8164739
7275851528,43.61852355,3.8560449331998825
5141653816,35.798093900084496,-78.68337477
8515320445,35.80478626303375,-78.64710258
5242549996,35.79802047461271,-78.68312725
9170193192,40.455617336556315,-106.7880216
8416047400,35.81606504,-78.63057414
7309907433,43.60182889737189,3.892171774059534
12169463750,38.63825141452253,-90.25203687
6486798001,35.80620649270713,-78.63775198
10218091649,38.62918068654835,-90.29366601
3853770733,35.798178389668465,-78.68304553
5943613093,35.806805631145835,-78.63836428
11813016649,38.63822249695659,-90.25177175
5346696510,35.79831073991954,-78.68330386
5997207504,40.116016482934356,-88.16908272
9329941677,35.80691476352513,-78.63823763
5240085674,35.798103,-78.683187
8600515230,36.076920507475734,-79.00606882
13586352507,40.461936,-106.786574
7183352641,35.80682457,-78.63813772
6408514061,35.80633146688342,-78.63785231
5383753869,35.798201,-78.68306
12608584761,38.63819525577128,-90.25180855
11987928851,38.63822274841368,-90.25190695
14769310390,38.64373619668186,-90.2832489
3870180488,35.79812005162239,-78.6829483
3902156378,35.798493549227715,-78.68283925
7270577967,43.606698364019394,3.8866051007062197
7820386589,35.80673731863499,-78.63814484
6548494101,35.80617849715054,-78.63758267
5091940245,35.79808451235294,-78.68314644
8007502632,35.80687562003732,-78.63818482
14002736898,38.63814236596227,-90.25194408
8416047316,35.80675257369876,-78.638157
9629204042,40.09227021597326,-88.24080398
3881445570,35.79828551,-78.68318416
10502348827,38.63823381252587,-90.25173026
8991426620,40.455413991585374,-106.7881945
13567278586,40.464518,-106.786486
6894027167,40.45477269217372,-106.78545
3603646192,35.763507233932614,-78.71219561
9172816272,40.45700487680733,-106.8024843
9742044476,38.63139811903238,-90.29250956
7974100267,35.80659901723266,-78.63804543
11107898698,38.58335975557566,-90.30277697
7733204442,37.38047710619867,-80.08925982
4393542526,35.79804729670286,-78.68325231
8253908835,35.80674930475652,-78.63825741
4998242858,35.79801284708083,-78.68310076
11236625539,40.4547996,-106.7853794
6571585583,35.80622283741832,-78.63777361
7775225993,35.85909211076796,-78.62800794
15061948869,38.638167679309845,-90.25155307
12817528329,38.63882230594754,-90.2551857
9897744458,38.63821939565241,-90.25160135
15667633461,38.62354368902743,-90.23231274
10761758757,38.638221910223365,-90.25160613
6424676569,35.78771383501589,-78.77775927
3485381421,35.763411512598395,-78.71228429
8046306243,40.0958736,-88.18395423
9617393946,38.63143365830183,-90.29252113
10290915557,38.147521913051605,-119.3785471
11257606248,40.456265676766634,-106.8057277
7486437964,43.60073447227478,3.8973672967404127
6352701578,35.80654160119593,-78.63796472
8073572766,42.18862468376756,-88.09145255
5027348590,35.798196,-78.683218
12415760495,38.63823724910617,-90.25171014
14122585199,38.63831645809114,-90.25176186
6567177727,35.80656641162932,-78.63775768
5334872733,35.79865155,-78.68272349
9396032334,35.806992296129465,-78.63786338
4663354867,41.90642813,-87.67991519
13337778890,40.456963,-106.802367
7233162894,35.80634420737624,-78.63768065
6782621131,35.80660563893616,-78.63787914
11771430302,38.63923721015453,-90.25665044
9779084436,38.62704145722091,-90.26941457
3660336493,35.798115357756615,-78.68335021
11981445127,38.63819466903806,-90.25141175
12729619067,43.78923760727048,-89.87625402
3476155775,35.76298076659441,-78.71228227
4831311938,40.115773659199476,-88.16859699
5148140853,35.84187618456781,-78.78056117
10856858433,38.63152099773288,-90.29261366
7924234464,41.93075308576226,-87.64404466
5203125106,35.821464,-78.677473
5309518327,40.116048,-88.169143
11107693811,40.463102,-106.784582
10956522477,38.63832131959498,-90.25189321
8522243385,35.80685483291745,-78.63816479
5549560678,35.806466,-78.638989
4036573577,35.79808275215328,-78.68347778
5290810399,40.11609,-88.169094
9714018035,38.63820179365575,-90.25156212
9739197489,38.63829073,-90.25223108
9732636992,38.63863983,-90.25351007
8282150356,35.806178664788604,-78.63805097
13156658177,38.643616419285536,-90.28336549
11962061548,38.63146500661969,-90.29257192
11244231599,40.45326839201152,-106.7734403
8730033723,35.80683999694884,-78.63803839
12065672879,38.638141276314855,-90.25177695
13282948663,38.63836239092052,-90.25177779
12567129982,38.63827790133655,-90.25166815
10095440962,38.63670151680708,-90.28666084
8438413479,35.806886265054345,-78.63817452
11367788399,38.63835493,-90.25215925
11662664943,38.62879947759211,-90.29365696
4575518582,41.94002942182124,-87.65563315
6279219296,35.80626290291548,-78.63785005
5055537304,35.78685,-78.671941
11498257918,38.63144916,-90.29259925
11777465435,38.638713927939534,-90.25133598
8254578250,35.806251084432006,-78.63783136
11554323645,38.638352416455746,-90.25193553
14413833206,38.64333956502378,-90.28309132
11362891965,38.63829458132386,-90.25166824
4752803593,41.93981258198619,-87.65662867
11061139758,38.63146928139031,-90.29249372
8370686633,35.80686514265835,-78.63822472
8083266009,42.19260432757437,-88.08092781
5055188356,35.75934402644634,-78.66509032
10907772508,38.638306902721524,-90.25180629
3471693593,35.763626005500555,-78.71235235
9850798135,38.63823113031685,-90.25166555
11515532251,38.63826809450984,-90.25183579
13577747698,40.463729,-106.78926
4601233309,40.457422,-106.804208
3422479839,35.76343532,-78.71249216
6268018504,35.80642635002732,-78.63770722
6773286033,35.859146509319544,-78.6281449
8333447004,35.82074926234782,-78.63461849
8212593824,35.80697637051344,-78.63818265
6481414465,35.786271477118134,-78.67127457
5339793770,33.502867,-111.919875
10877463053,45.325987,-121.643085
3990854289,35.77569376677275,-78.67037628
13319839517,40.457151,-106.803154
8077383283,42.19273357652128,-88.08363894
11662191432,38.63835099153221,-90.25200393
7751759358,35.80684636719525,-78.63813621
7140364479,35.80648887902498,-78.63780714
14378680676,38.63830178976059,-90.25181274
6760795575,35.806543193757534,-78.63780873
10128154341,40.11313084512949,-88.16261658
11665931264,38.63812627270818,-90.25129164
12087176692,48.209215,-101.300051
6964380642,35.87489711120725,-78.93387029
10692364061,40.74989749118686,-106.6125025
7592737110,35.80643498338759,-78.63771301
5036618827,35.798199,-78.6834
3582908447,35.763781405985355,-78.71241085
12791394299,41.13916874863207,-81.56497207
12868874196,48.20882923901081,-101.3008872
4653331853,41.90600258298218,-87.67969348
5169337205,35.798165,-78.683278
4176033796,35.798089457675815,-78.68366486
12654056763,38.63811034709215,-90.25160051
6920748802,40.455365125089884,-106.7881056
6127032736,35.80688601359725,-78.63811685
11704965180,38.63879842,-90.25457324
3460359628,35.763724157586694,-78.71230373
11934535509,38.63825158216059,-90.25183847
13455950120,38.623512256890535,-90.23229883
9873515403,38.62711127847433,-90.26888508
12718304832,43.63115943968296,-89.77119592
14322650301,38.628512313589454,-90.29264191
5072823312,35.79810194671154,-78.68392336
5568938285,35.79820395447314,-78.68331551
9788221507,38.62355148419738,-90.23199038
5283185578,35.79811862669885,-78.68330327
7781544227,35.80631721764803,-78.63770563
5423254483,35.79805701971054,-78.68307503
4762350205,41.933449963107705,-87.63525498
11509295731,38.62888656556606,-90.29375981
7944617592,35.80683605745435,-78.63806354
11441593216,38.63826893270016,-90.2515933
8586154726,35.80688299611211,-78.63815993
8000760432,35.80679909326136,-78.63818726
13362004808,38.63830120302737,-90.25170713
3419579691,35.76368601992726,-78.71230264
6368439622,35.80636616796255,-78.63782407
10003103835,38.58901963569224,-90.28382583
13250717324,38.63823079504073,-90.25171509
6698473180,35.806361474096775,-78.63784201
8665311360,35.806643441319466,-78.63822405
11988494098,38.638370521366596,-90.25181115
6837570392,40.11605001054704,-88.16886529
5138635133,35.798061,-78.683008
7998803939,35.77347943559289,-78.67294173
8348435635,35.766858737915754,-78.67769477
7042835804,35.77569628,-78.69685002
9204156461,35.76678874902427,-78.6774921
5400634941,40.45638,-106.805014
5415459356,35.79815332777798,-78.68398396
13127829135,38.63818637095392,-90.25173982
7862447294,35.80654235556722,-78.6365356
6824517163,42.193628596141934,-88.08010203
10210832526,38.638466661795974,-90.25192866
14945942662,38.62351158633828,-90.23238013
15713813228,38.694544192403555,-90.68427075
6491851835,35.78603041358292,-78.6712542
7178276357,35.80659759230912,-78.63755241
5426052839,40.546689,-106.885605
14669739875,38.63805368542671,-90.25155994
8219524581,35.80673606134951,-78.63827426
7283678942,43.601615745574236,3.892149478197098
7143471298,35.80664218403399,-78.63798617
8960777721,40.45650640502572,-106.8006448
6150273333,35.80698902718723,-78.6381611
12580579084,40.11603366583586,-88.16899739
8212593795,35.82354906946421,-78.63595356
14630287390,38.63825066015124,-90.25190779
8194334136,35.80675064586103,-78.6382352
5184214566,35.798093,-78.683348
13078602004,38.6293925,-90.29384287
8224044197,35.80668602138758,-78.63810637
7582322844,35.80656214,-78.63797662
12496061131,38.63837303593755,-90.25184342
8180397334,35.806811498478055,-78.63820142
5157324055,35.793776,-78.684112
4783506905,41.939824149012566,-87.65661232
10283746117,37.96584600582719,-119.270502
12313773546,38.63826063461602,-90.25203385
14828003689,38.636973006650805,-90.29037746
10121148212,38.63814529962838,-90.25078696
13455948092,38.623485434800386,-90.23200722
4026774526,35.798196913674474,-78.68363444
10744568831,38.638270273804665,-90.25180226
8546834337,35.82105344161391,-78.63505377
5257135030,35.798296,-78.683375
13001485840,38.623645696789026,-90.2322182
8626268363,35.80698902718723,-78.63822858
8480433500,35.80670630559325,-78.63854357
13752977447,38.638318,-90.252276
11007054295,38.63822911866009,-90.25296282
8395690172,38.09014988131821,-78.15080222
7959890571,35.80685709603131,-78.63819203
12298804064,38.63821495324373,-90.25164627
11660969274,38.638313272967935,-90.2516788
8763576438,35.80680345185101,-78.63829907
4964476490,35.76613294892013,-78.7054439
15250850065,38.628488928079605,-90.20254768
4370217084,35.798090882599354,-78.68375807
4790814490,41.93985742516816,-87.65577388
7161541416,35.806381925940514,-78.63786304
5126332980,35.798043021932244,-78.68323236
8312629759,41.88352,-87.619636
10508691792,40.457801,-106.803394
3415803038,35.76351284980774,-78.71238369
5550427231,35.79818559810519,-78.68366528
6877628765,35.80634839832783,-78.63771544
11488803015,38.63820397295058,-90.25136531
11595441917,38.63159961998463,-90.29257251
4514309697,35.797968255355954,-78.68341475
6358584690,35.80619199201465,-78.63772801
6223793433,35.80688986927271,-78.63821131
3782498752,35.79816976,-78.6838211
9302791527,35.80688878,-78.63823998
4170671088,35.79804075881839,-78.68322657
3175454719,45.283318,-111.401388
11304945883,38.63826130516827,-90.2518694
8380938116,35.80677352845669,-78.63828616
5361236281,35.798749,-78.683971
6097803459,35.80658585764468,-78.63789607
4656909223,41.906534833833575,-87.67986716
11563656341,38.63817756995559,-90.25140001
4814948389,40.11604095809162,-88.1689533
15138533459,38.63149954006076,-90.29254996
8075015515,42.193457605317235,-88.08036782
13854730158,38.682048,-90.398411
8081134758,42.14594906195998,-88.06723338
5077317189,35.79841434024274,-78.68295869
11461993954,38.63833791576326,-90.25160923
3536909267,35.76337991282344,-78.71236752
4197867141,35.79801854677498,-78.68381624
10731930583,38.638188717886806,-90.25121025
3950798141,35.79831099137664,-78.68327963
4717040805,41.93993965163827,-87.65544455
15513672676,38.62349046394229,-90.23209817
8266416589,35.81926038488746,-78.63233283
6476806038,36.03993611,-78.99046104
4696283821,41.93328710272908,-87.63486128
5528653311,35.807804,-78.636195
12234770919,38.63838988356292,-90.25196529
5372596977,35.79345,-78.684244
9245164432,35.76673208735883,-78.67724282
10823725557,38.638218054547906,-90.25180285
6450400627,35.80609753,-78.63777814
4071416433,35.70404869504273,-78.4777329
7874791069,35.80743326805532,-78.63557772
6223869153,35.80615989,-78.63772089
4775751544,41.940149534493685,-87.65558604
8813687768,35.76707733795047,-78.67771178
8734334978,35.80685466527939,-78.63820746
9002172425,40.45870330184698,-106.8013571
12491948684,38.627185290679336,-90.2560332
4631107994,41.92211452871561,-86.331992
6449933225,35.80675299279392,-78.63816714
4155808950,41.939729852601886,-87.6550636
6532552672,35.80688316375017,-78.63812154
4841683451,40.11597750708461,-88.16926419
12217510747,39.11628811620176,-84.59115461
12536370431,48.208980364724994,-101.3011857
13396059332,38.623618707060814,-90.23250293
7971797412,35.80696597695351,-78.63800973
8511411026,35.76667542569339,-78.6770476
5383847710,35.79814896918833,-78.68308467
5415459252,35.77623741701245,-78.70591454
7156511772,35.80742706544697,-78.63975735
7587592335,35.80686791,-78.63810201
3987016120,35.79815274104476,-78.68297143
10533920706,40.457106,-106.803302
3981410557,35.798003040254116,-78.68314913
11689300754,38.64379696547985,-90.28345861
4846914331,40.11600382626057,-88.16903729
5087727610,35.79816699028015,-78.6831498
15225943358,38.62911597825587,-90.29372192
8328551416,35.80677947960794,-78.63822338
5097307511,35.79804243519902,-78.68338734
8642535675,35.96290508285165,-78.58275061
11515532238,38.63742261193693,-90.26665499
7984388786,35.806293496862054,-78.63779482
5020190064,35.797971691936255,-78.68308995
15745139134,38.62358819693327,-90.23207746
6974549169,35.80619123764336,-78.63765534
6330080220,35.80621236003935,-78.63774385
10068752097,38.571278247982264,-90.30087998
7617227672,35.78718150034547,-78.66962987
15662061035,38.63820506259799,-90.25157679
11431358470,38.64399427548051,-90.2792509
14629768555,38.63990843296051,-90.25023283
4602293585,41.93972775712609,-87.65595803
10552780907,38.631539437919855,-90.2932289
15717166961,38.70454413816333,-91.43308768
10973922482,38.63833598792553,-90.25182414
8652770773,35.806082943454385,-78.63794611
5374107401,35.79828852787614,-78.68298501
5009052796,35.79806221649051,-78.68314116
12686823292,38.638128032907844,-90.25112995
11583396931,42.19358744099736,-88.08009499
12552809671,38.60328195,-90.28137873
7199859112,35.81672879867256,-78.63069467
6183385868,35.80682390369475,-78.6379021
7792778991,35.80683044157922,-78.63826646
9895631085,38.629582012072206,-90.29338178
4692949580,41.93985231220722,-87.65616934
7446600447,43.52894120849669,3.934438694268465
5221766072,35.79659211449325,-78.68063481
3489593458,35.763494577258825,-78.71220424
5288878305,35.79798619262874,-78.68303966
6505066654,35.83635242655873,-78.75956593
7549231761,35.806565657258034,-78.6380399
8522059358,35.85915673524141,-78.62849778
13302140746,38.640874698758125,-90.25068839
9031324464,40.00749187543988,-105.2456048
6121065690,35.807089526206255,-78.63814853
5550427163,35.77675751410425,-78.70472934
6820984590,42.14594445191324,-88.06716842
7199859059,35.80649013631046,-78.63767294
4974478700,35.798066,-78.683236
7793648583,35.76762258075178,-78.67762495
6413697634,35.80623121932149,-78.63772038
15209541708,38.63136534579098,-90.29251266
11017544041,38.62015270628035,-90.28805911
15204110238,38.63798604346812,-90.25176396
11001840072,38.638202799484134,-90.2516969
7745948593,35.77341933734715,-78.67284324
3715740708,35.79860871657729,-78.68420969
14406318515,38.638384183868766,-90.25180955
10360810720,39.999523,-105.282923
15275734677,38.63817933015525,-90.25135802
10705175872,40.02732287161052,-107.1235471
4725412582,41.93989623337984,-87.65541916
10441766800,38.63822182640433,-90.25142659
9818110914,38.63853405229747,-90.2861073
6337146713,35.81822999753058,-78.62963805
9348673416,35.80620867200196,-78.63776674
7183118591,35.806979136541486,-78.63804493
7145418214,35.806323839351535,-78.6377923
9990259139,38.63829206675291,-90.25140923
12329504971,38.733934946358204,-91.4446045
11029051676,38.63857453688979,-90.25214399
9566690031,38.63821813836694,-90.25278403
14064720265,42.19346523284912,-88.07996968
3990854161,35.79817964695394,-78.68356948
4128186795,40.11598966084421,-88.16867326
8626268394,35.82153213210404,-78.63499358
14458180480,40.451460499316454,-106.8166635
11592085432,38.63824722357094,-90.25185565
4076112760,35.70398583076894,-78.47776752
6959681394,35.80882717855275,-78.63571552
5070250532,35.836526,-78.75987
4804776983,40.116239776834846,-88.1691113
4593216095,41.94014785811305,-87.65569107
9309148479,35.80687771551311,-78.63788534
12290241614,38.63811562769115,-90.25184048
6044431915,41.11470038071275,-81.52835942
8996623807,40.45521944761276,-106.7885321
11319007547,38.63010018132627,-90.29333258
3955341941,35.798696810379624,-78.68384231
7617227555,35.80663438886404,-78.63801861
5211742108,35.79809800721705,-78.68312431
8626268412,35.821086801588535,-78.63483793
7280617928,43.61872136592865,3.8566763419657946
3687298041,35.79806741327047,-78.6837465
7673573156,35.77476111240685,-78.6717349
6639908571,33.48335858434439,-111.8976033
10830382796,38.63834151998162,-90.25203494
14346872907,38.643920766189694,-90.28224776
3432984548,35.76355165801942,-78.71241798
15717136363,38.73467909172177,-91.37299228
4992335516,35.79799214377999,-78.68295902
5451116766,35.79797102,-78.68313278
9944278057,38.63856473006308,-90.25342458
8156806154,35.80631034448743,-78.63781158
3475976859,35.763692893087864,-78.71234296
5503495717,35.806764,-78.638398
9050640416,40.45870506204665,-106.7990424
8608913542,35.806817868724465,-78.63813948
8619282613,35.806838823482394,-78.63820855
13051034549,38.638255186378956,-90.25183386
4365750426,35.76655053533614,-78.67699429
8244241558,35.80676665529609,-78.63824853
6551601038,35.80634512938559,-78.63771477
11426043710,38.638206738978624,-90.25182422
12677000211,38.724623657763004,-90.48515981
3598381644,35.76333372853696,-78.71222712
6798510875,36.10814770683646,-115.1642359
6592625982,35.77627203427255,-78.70579787
12011062742,38.63827144727111,-90.25191952
14924545002,38.63139258697629,-90.29255206
6385586928,35.78613527,-78.67147129
6424676867,35.78829084523022,-78.77747755
6871670263,35.80646968446672,-78.63779658
12571372637,38.638475043699145,-90.25314085
8990834086,40.45472349,-106.7850909
7301073450,43.601160356774926,3.892818856984377
3494421587,35.76324018649757,-78.71221924
10782569816,38.62921630963683,-90.29369485
6239502412,35.80690554343164,-78.6381777
10421833341,38.63792544230819,-90.25200544
6406919365,35.80695457756519,-78.63813998
3776222747,35.83703262,-78.76039046
5125167340,35.798051,-78.683224
13318223564,38.63157615065575,-90.29260369
6540323136,35.83613240160048,-78.76005569
7658411648,35.80629710108042,-78.6379596
12632771714,38.623521057888865,-90.23230503
3924480457,35.816065622493625,-78.72108461
6552459814,35.78650298528373,-78.67248785
5278142759,35.798902,-78.683948
8775471046,35.77111171558499,-78.65698895
8206733120,35.806673280894756,-78.63820997
9253727620,35.81824726425111,-78.63069786
15453562784,38.62911857664585,-90.29375687
6218001571,35.80696161836386,-78.63806102
3613574373,35.76380277983844,-78.71249886
4594957174,40.457877,-106.803413
11543570317,38.63822526298463,-90.25183411
9460063407,38.63835660740733,-90.25158232
12927571341,43.566231206059456,-116.1097197
3796273919,35.798209654167295,-78.68388112
7803021714,35.66975975,-78.49770614
12964852669,38.63820782862604,-90.2513742
11748964780,38.63819668069482,-90.25171668
12670582357,38.63820112,-90.25150856
3687295462,35.805584555491805,-78.70377422
4591237798,41.93319565616548,-87.63564164
11732612124,38.63835208117962,-90.25205649
5055188295,35.77450026758015,-78.69259385
11077842254,38.63825334236026,-90.25188508
10769412540,38.638222916051745,-90.25160026
9865717245,38.66017084568739,-90.744069
6330080286,35.787044959142804,-78.67288079
5136602781,35.797979068011045,-78.68309724
8169100811,35.806907806545496,-78.63821743
5034419435,35.798221,-78.68329
14406320423,38.641097992658615,-90.26563584
15582229254,38.63821646,-90.25171895
5262694826,35.798121,-78.683247
6756349407,35.80640338361263,-78.63780269
4589537716,40.457949,-106.803448
11873629187,40.46587863005698,-106.7882014
7950871697,35.80688048154116,-78.63817812
7693954681,41.77340724505484,-86.79815942
11806832278,38.63817707,-90.2516762
4770573105,41.93998910486698,-87.65536275
5264112627,35.798163721337914,-78.68356797
3927562265,35.79860804602504,-78.68295525
15158084388,38.623603116720915,-90.23222323
4133763680,40.11592721566558,-88.1692465
4068627546,35.79818098805845,-78.6840102
6521450202,35.80632618628442,-78.63775517
9365652391,35.80691727809608,-78.63825951
10051653083,39.21250062994659,-84.2830408
11164892339,38.63824353553355,-90.25192405
3631459285,35.79829926,-78.68318223
6567177789,35.78631439246237,-78.67040277
9260784289,35.807594787329435,-78.70443271
7980232601,35.76712821610272,-78.67724005
10128148141,40.11610943824053,-88.16877209
8496475877,35.80638066865504,-78.63781024
7149348053,35.807053316384554,-78.63816957
5038283898,35.786159,-78.672333
4020377512,35.798451974987984,-78.68313177
14769310052,38.61452652141452,-90.5770077
6375557141,35.80609652213752,-78.63770002
8724774613,35.80701853148639,-78.63826328
5115159972,35.798203870654106,-78.68312473
15589659259,38.62352357245982,-90.2323047
8552328368,35.76683468185365,-78.67766133
5162023345,35.79812281765044,-78.68330184
14678989747,38.638218976557255,-90.25188147
6385586857,35.80622191540897,-78.63774964
5402871762,40.481689,-106.776056
12695890766,38.64351533353329,-90.2836747
13958470353,38.63821931183338,-90.25152172
5253244537,35.79824,-78.68303
6586639610,35.786816384643316,-78.66999566
7773295249,35.80686857923865,-78.638388
8592013215,35.76671624556184,-78.67736762
7839921921,35.80682532861829,-78.63804476
11994886430,38.638269854709506,-90.25178365
4165409761,35.798859586939216,-78.68405722
4757330012,41.93994417786598,-87.65649741
12760152701,38.64165564067662,-90.27158707
6674882444,35.80629483796656,-78.63765174
7546218893,35.80604212358594,-78.63763506
10938409130,38.63823959603906,-90.25164611
7599322996,35.806801775470376,-78.63812288
7623753296,35.806213952600956,-78.63773011
14294012579,38.638263903558254,-90.25179053
6206866959,35.80617983825505,-78.63777713
15596487582,38.60434418544173,-90.26132033
5758499471,40.400092424824834,-106.6179857
4778867904,41.93966699,-87.65552636
7645105817,35.85194670595229,-78.77335609
4857455097,40.11604757979512,-88.1690559
13692820383,38.63485640846193,-90.29788186
4209105865,35.797920394688845,-78.68327536
5151636414,35.798156,-78.683234
3919620110,35.79835097305477,-78.68319808
14426417226,38.63957516849041,-90.25162457
9755150883,38.63840992,-90.25263777
14551538306,38.63834151998162,-90.25179849
3790273198,35.77320761047304,-78.69256251
7610163955,35.80680387094617,-78.63821475
3429262625,35.75464538298547,-78.5335148
7581493369,35.806417632848024,-78.63783136
8232535895,35.64016342163086,-78.41568
6283160424,35.806801775470376,-78.63839471
4054300149,35.67573714070022,-78.43439519
9834397898,38.63846808671951,-90.25192841
8291959942,35.80684242770076,-78.63821953
5155671558,35.79811183735728,-78.68332121
6910284606,40.45471854507923,-106.7847253
4353325693,35.797974625602365,-78.68294997
6256774722,35.806692223995924,-78.63813311
7072718181,35.80687721259892,-78.63817904
11859290799,38.63908449187875,-90.25143748
5179527160,35.79796448349953,-78.68315868
15084521734,38.62911849282682,-90.2936847
7307429877,43.60173175111413,3.8919242564588785
7354378673,43.600331554189324,3.8948122411966324
11465470112,38.63836817443371,-90.2518606
11514259721,38.63825250416994,-90.25147445
11213929329,38.63120784983039,-90.29269354
12345785056,38.638327941298485,-90.25206587
7134599935,35.85919914767146,-78.62869391
10862248659,39.863114,-104.677645
7575237391,35.806625839322805,-78.63815465
4730094593,41.94010670296848,-87.65641535
3721699611,35.79806875437498,-78.68294209
11128811916,40.464774,-106.786639
10889064013,40.08199140429497,-88.20927193
12195243862,38.62909980118275,-90.29358286
5173271714,35.79802458174527,-78.68395153
3485592219,35.76280198059976,-78.71255016
5722882567,35.806184,-78.639529
12883774323,47.857576282694936,-101.4958462
7144974005,35.81078737042844,-78.63470064
4770573176,41.960939168930054,-87.65943778
7150501659,35.806395253166556,-78.63781585
5765380307,40.48471938818693,-106.8432704
15434444407,38.62310296855867,-90.2328455
3827300914,35.798337142914534,-78.68316991
9273519272,35.806335574015975,-78.63740279
4422048952,35.798053750768304,-78.68306874
4852203840,40.11284057982266,-88.17695953
3513239565,35.76359021477401,-78.71235729
15357519530,38.62355005927384,-90.23209431
3654394811,35.79812684096396,-78.68383904
7757564385,35.80634563229978,-78.63773614
11291266912,38.63825778476894,-90.25170344
8539188188,35.80684586428106,-78.63827149
11697510435,38.63869917578995,-90.25043635
6402498150,35.80686304718256,-78.63805038
10866886697,38.629092844203115,-90.29384161
13772095068,38.638328,-90.251651
3522519825,35.763335824012756,-78.7122531
8527908934,35.80696648,-78.63810134
11833115418,38.63832836039364,-90.25185867
7304631575,43.61734581179917,3.855974357575178
8339737323,35.83644135855138,-78.75984597
3648576810,35.798223400488496,-78.68308869
6069572893,35.806375639513135,-78.63774519
6285440280,36.006441190838814,-78.70892289
3508197473,35.76332727447152,-78.71221245
6891191520,43.557258,3.900421
9590866400,37.976957,-119.133577
11509295822,38.62905797548592,-90.29367607
14755642599,38.63818268291652,-90.25160277
10754082527,38.636621637269855,-90.28569382
8458124882,35.78688981,-78.66984227
8803787579,35.806599436327815,-78.63803269
14339586453,38.63815820775926,-90.25151233
8817016072,35.806805212050676,-78.63827887
9810427683,38.63828091882169,-90.25181207
4822656335,40.11599821038544,-88.1691082
13808241603,38.62829186953604,-90.29298523
8960778169,40.45638277195394,-106.805678
7280616867,43.60091426409781,3.8920287787914276
3749837979,35.79792399890721,-78.68319171
5247656138,35.79809071496129,-78.6833886
5171906781,35.798173,-78.683302
5309518342,40.122287,-88.143677
7575237509,35.78629561699927,-78.67034334
11606737629,38.63798361,-90.25037826
6059070678,35.806262316182256,-78.63783874
5554675833,35.806893,-78.638272
13594192704,40.457262,-106.803379
15513672538,38.623530277982354,-90.23223253
4512131136,35.798070430755615,-78.68327477
9348411244,35.80627606250346,-78.63739433
7165549164,35.806904872879386,-78.63819581
11682500308,38.63832777366042,-90.25225908
4412008379,35.79805752262473,-78.68372077
7986278080,35.80632610246539,-78.63773891
8306159709,35.763400699943304,-78.67476538
3503475806,35.76337940990925,-78.71232586
11704965240,38.64477119408548,-90.26183825
6931844632,40.455368058755994,-106.7880284
6678599318,39.998425,-105.283976
7968272949,35.80634563229978,-78.63779029
9848950182,38.62909737043083,-90.2937065
9781514485,38.63837412558496,-90.25313188
4378618226,35.79850118,-78.68278057
6542516553,35.90842028148472,-79.03104949
13601295761,40.45814,-106.80394
14510422298,41.401712,-85.731756
7342677450,43.601425560191274,3.8923937268555164
7654214248,35.816078865900636,-78.92679756
5277252796,35.79819900915027,-78.68306061
10078725468,38.62900600768626,-90.29363584
10415800415,38.63839155994356,-90.25194484
6513218815,35.80645903944969,-78.63766012
11099086323,38.63137414678931,-90.29248903
4749087750,41.94002992473543,-87.65605669
14698987275,38.638171115890145,-90.25157444
4738587479,41.94012547843158,-87.65544288
7628116257,35.80638024955988,-78.63781116
5251253630,35.798626,-78.684137
12217510450,39.11564548,-84.590789
10830898704,38.63828821107745,-90.25199991
8744700896,35.80868074670434,-78.63783178
5486276106,35.808472,-78.6405
6768858310,35.80657420679927,-78.63794301
5192967838,35.798796,-78.682041
11335840796,38.644034592434764,-90.28241306
7592013539,35.786452274769545,-78.67114498
11696636401,38.638263987377286,-90.25186655
4931416399,40.11593786068261,-88.1687995
5048873717,35.79814779572189,-78.68308819
11851159989,38.638398349285126,-90.25160353
6715692314,35.80632601864636,-78.63772441
7959891275,35.81945953890681,-78.63262595
7226941674,35.80657051876187,-78.637898
4573609867,40.454717,-106.784467
6476930732,35.806383015587926,-78.63775567
7242164245,35.80617078579962,-78.63806337
5460858288,35.798675855621696,-78.68285341
8504293206,35.80697603523731,-78.63806128
8455436898,35.80629835836589,-78.63773329
12490484168,38.63819441758096,-90.25187502
9050641421,40.480117220431566,-106.8406572
12750643777,38.62347135320306,-90.23237125
3860151955,35.79830998554826,-78.68318089
7978319400,35.813559517264366,-78.63249502
12238506423,38.63139811903238,-90.29254988
14784405029,38.63135219,-90.29255566
9183515897,40.45694528147578,-106.8032245
3670886047,35.79805249348283,-78.68399913
15667633527,38.623529858887196,-90.23200848
3440572370,35.76375215314329,-78.71241814
6521450389,35.821946784853935,-78.63510154
10497051364,38.63872583024204,-90.25119533
14801759189,38.628853876143694,-90.29378554
13980181737,38.638126607984304,-90.2517679
9530207955,38.63142728805542,-90.29262356
13211121355,38.623464815318584,-90.23205659
10114404574,38.63145913928747,-90.29246522
10796916601,38.63661685958505,-90.28564394
9769059619,38.63665910437703,-90.28568611
6829577604,40.11599946767092,-88.16904383
6337146641,35.80624387599528,-78.63776607
4721213760,41.93986916,-87.65582006
3444487095,35.76403143815696,-78.71245989
4818561978,40.11601069942117,-88.16917073
9273718368,35.80651813186705,-78.63771644
3608247858,35.76358569,-78.71235293
6412440632,35.80629928037524,-78.63773379
10738663592,38.629222344607115,-90.29368169
12201820807,38.638322073966265,-90.25188583
6471310279,35.806312188506126,-78.63784712
10520235991,40.45714,-106.803407
14383494155,38.643392622470856,-90.28384837
7611510295,35.77471727505326,-78.69721396
7923688873,35.80685030668974,-78.6381461
11032034377,38.630123399198055,-90.29339134
3998027094,35.79847410321236,-78.68391649
6347610473,35.80691174603999,-78.63818206
3480290835,35.763436406850815,-78.71230558
9360050396,35.80653321929276,-78.63782449
11940305185,38.63831855356693,-90.25169598
3541800610,35.76337806880474,-78.71216945
6465280064,35.80625284463167,-78.63768334
5247655939,35.79823303967714,-78.68311283
7575691993,35.80630900338292,-78.63778719
6002529285,40.11597407050431,-88.16916788
5341005655,35.786959463730454,-78.67271416
4003238058,35.79853428527713,-78.6839423
7556131154,35.806337082758546,-78.63773262
3567890192,35.763658275827765,-78.71233315
7844071351,35.84175171330571,-78.78079444
14748106584,38.63825837150216,-90.25157025
4980849705,35.797793911769986,-78.68297478
15532565610,38.628847505897284,-90.29367481
8798735948,35.80686288,-78.63796279
5523594689,35.806853,-78.638265
9996441295,38.63825191743672,-90.25179137
10909671314,38.62952962517738,-90.29280435
6678212092,35.930393021553755,-78.6074991
7592013441,35.806424003094435,-78.63785508
9294062818,35.84200099110603,-78.78082956
9466484017,38.63834378309548,-90.25196001
10658933186,38.86935037560761,-107.2089663
6527547002,35.806167935952544,-78.63774762
9912038223,38.636581152677536,-90.28552609
9516306836,38.63821328,-90.25174216
13303011849,40.457132,-106.80313
11433850554,38.63839130848646,-90.25233309
6592626044,35.785864451900125,-78.67077777
8647195635,35.78508376143873,-78.64734239
5366836846,35.79792416654527,-78.68341936
10003103039,38.602382401004434,-90.28097891
6328800473,35.80631545744836,-78.63777788
4451626599,35.798549707978964,-78.68278703
8718232662,35.80652676522732,-78.63910013
6337146765,35.81613862887025,-78.62606526
10899329008,38.63143022172153,-90.29253798
4186437858,35.79836471937597,-78.68358775
14960246519,38.638136917725205,-90.2515591
10455867933,38.62910047,-90.29374019
8742183129,35.765026872977614,-78.65957368
12372373345,38.62917859107256,-90.29376609
10441857037,38.639063285663724,-90.25137411
9326046165,35.766572495922446,-78.67657327
15623636821,38.63820397295058,-90.25172884
7002238360,35.83834153600037,-78.78218039
6517679088,35.806291149929166,-78.6375851
3436636352,35.763967065140605,-78.71240465
12507458877,38.64032484591007,-90.26212156
5235230908,35.798201,-78.68404
11866520830,38.63792887888849,-90.25138216
10409261111,38.62910424359143,-90.2937417
3727755006,35.79841752536595,-78.68314234
5221756980,39.80107694864273,-83.88458314
5728568991,35.80626,-78.637857
3755591295,35.79814754426479,-78.68397038
8236254751,35.84164953790605,-78.78080945
7787040944,35.77395033091307,-78.67274106
12153948697,38.638288881629705,-90.25182137
12442897192,38.63823641091585,-90.25154762
13899310070,38.63847621716559,-90.25169061
15508196844,38.63680964335799,-90.25208188
5245608787,35.794156,-78.684175
6997524396,35.80673589371145,-78.63801568
12406975073,38.623520554974675,-90.23202843
5049750036,35.798215,-78.683358
10253289679,38.62356757745147,-90.23232356
13568462418,40.45955,-106.801042
15497343851,38.638934371992946,-90.25518956
9988056287,38.62908437848091,-90.29363114
8464293434,35.77430907636881,-78.67331137
5544494141,35.806811,-78.638411
4682976093,41.939463475719094,-87.65664761
11550824619,38.63817321136594,-90.25164301
9560082738,38.63800163380802,-90.2516622
5004306952,35.79799298197031,-78.6830104
13206765765,38.638260550796986,-90.2518922
10372198745,39.96692891232669,-105.2585322
6490429669,35.80622669309378,-78.63767671
15158087288,38.62355886027217,-90.2319965
12230512609,38.638044549152255,-90.25194903
5366047026,35.798123,-78.68322
13374711540,40.456967,-106.802471
6666165381,35.859134774655104,-78.62813484
6742887895,35.81573604606092,-78.92708229
12588590192,38.62909745424986,-90.29364171
12003153217,38.63828779198229,-90.25158182
12449022369,38.63818561658263,-90.25137638
3516628021,35.76327882707119,-78.71222964
4579180120,40.457817,-106.803473
8670599730,35.80690696835518,-78.63813294
7194203418,35.806794399395585,-78.638387
6479877641,35.80622878856957,-78.63780973
14326671757,38.642997834831476,-90.28352215
4209105972,35.815610736608505,-78.68251034
7645105039,35.842068968340755,-78.78046076
4489060597,35.79832624644041,-78.68317796
4383545178,35.79791620373726,-78.68353914
3577362536,35.76329676434398,-78.71225771
5353968160,35.798083674162626,-78.68313731
14708935743,38.638255605474114,-90.25174778
8186722871,35.80697058700025,-78.63810419
4712582327,41.94007996469736,-87.65549233
8009257055,35.80638041719794,-78.637813
3848453458,35.77314172871411,-78.69258597
15550665485,38.638147646561265,-90.25170201
7446600124,43.60076171346009,3.896813588216901
3532144705,35.76329106464982,-78.71259098
11052826498,38.63813558,-90.25160135
5397808159,40.45563,-106.804231
8175565040,35.80679574050009,-78.63836026
3837343432,35.798157434910536,-78.68328483
8055767051,41.93874095566571,-87.6527004
7275850293,43.60283615067601,3.8913220167160034
6562411655,35.806722566485405,-78.63879193
15434444353,38.62343104,-90.23198845
11318411813,38.63923427648842,-90.25115065
5191034214,35.79849975183606,-78.68293539
8455210415,35.80671301111579,-78.63824559
5185346278,35.77463270165026,-78.54215638
9884153624,38.62355466932058,-90.23208551
7064226238,35.81589253619313,-78.92718287
11412151005,38.638209253549576,-90.25165482
11402224818,38.63144916,-90.29256924
4123653956,40.115824872627854,-88.16899681
4700971127,41.93987670354545,-87.65578595
9681628933,39.758524,-104.985257
7326702746,43.60315742902458,3.890951117500663
5340561339,35.79812197946012,-78.6837683
6552945602,35.80681920982897,-78.63789163
13152511570,38.63818000070751,-90.25182573
8954071779,40.45473815873265,-106.7851435
11904232722,38.638243451714516,-90.25170512
15627678975,38.63820497877896,-90.25146858
8631894910,35.76737053692341,-78.67725573
7966980967,35.80686019733548,-78.63818843
11546519704,38.631611689925194,-90.29267645
4408075007,35.798115860670805,-78.68333562
6110730484,35.80705113708973,-78.63811467
8256596128,35.77354674227536,-78.67299856
10814903762,38.63139845430851,-90.29257058
3790273234,35.75684504583478,-78.65366972
10609886730,39.77850951254368,-86.17005581
10818598937,38.63824705593288,-90.2517798
6701499463,35.764579866081476,-78.6594182
5417716826,40.45644,-106.80525
5783338195,40.84574396722019,-106.9422696
10912048805,38.63839273,-90.25176605
8753421705,36.073798751458526,-79.00619924
15133159620,38.63833841867745,-90.25184006
4479841753,35.79807059839368,-78.68335348
8333446855,35.806818874552846,-78.63821676
9976925085,38.62360521219671,-90.23213706
4081245144,35.79789290204644,-78.68351265
10448672503,38.63860462792218,-90.25167343
4374395714,35.84187878295779,-78.78042857
12612274490,38.358256788924336,-90.87322625
9279472729,35.80691224895418,-78.6380658
11471531980,38.63821303,-90.2514467
3976364508,35.79829389229417,-78.683272
7072718268,35.80946898087859,-78.63544562
5206242458,35.79809515736997,-78.68317578
3943570509,35.79795928671956,-78.68353796
9044341372,40.457747178152204,-106.7980889
5439837722,35.77491802163422,-78.54233047
4826364921,40.11584943160415,-88.16905674
13915586838,38.62836688756943,-90.2928611
10941288495,38.63137842155993,-90.29309923
8427705687,35.80679993145168,-78.63817234
14839556956,38.638129038736224,-90.25102727
3778156083,35.798199847340584,-78.68337661
4702029855,41.94010226,-87.65576558
4358815094,35.79801008105278,-78.68401657
8681082686,36.09499926678836,-81.82994834
12034569177,38.63825485110283,-90.25187829
4986919211,35.79800228588283,-78.68301091
8787160019,35.80528432,-78.61202884
3761480994,35.798369497060776,-78.68317192
3426369509,35.763383097946644,-78.71232636
9249168270,35.838147746399045,-78.76057302
6979494340,35.80654973164201,-78.63800788
12327210708,38.69109076447785,-90.7243059
6915463908,40.455341739580035,-106.7876596
11354146010,38.638241440057755,-90.25196085
11904232872,38.63833121024072,-90.25202924
6532167089,35.80650698393583,-78.63780521
8475232958,35.80679967999458,-78.6382699
4800846228,40.11593266390264,-88.16921683
14206713864,40.455962335690856,-106.804893
5568938241,35.79934204928577,-78.68382873
4941567653,40.116060487926006,-88.16915212
14022167054,38.6382598,-90.25163203
8464293436,35.806831531226635,-78.63830796
5032702724,35.79809071496129,-78.68320713
6809131603,36.16124798543751,-115.4993402
9584308064,38.811942,-120.123411
5014943615,35.79811351373792,-78.68340268
8395691448,38.59330538660288,-78.37585431
5045095343,35.798119,-78.683054
10220487153,38.638185281306505,-90.25238723
3960587903,35.79822063446045,-78.68298291
5778270744,40.84255088120699,-106.9545272
7745948506,35.80647077411413,-78.63775936
11974619015,38.62907742150128,-90.29360315
6783106238,35.77045105397701,-78.65633072
6433738213,35.618542302399874,-82.58898734
5166999533,35.79818266443908,-78.68366252
4525736851,35.79794084653258,-78.68371482
14467412261,40.46568769030273,-106.7868751
13336035131,38.62355215474963,-90.23212122
4564206962,39.14609064348042,-84.42023478
12751129852,38.62328200601041,-90.23115328
11335837318,38.64485434256494,-90.2802584
11650041274,38.63149140961468,-90.29250084
3468224740,35.76326893642545,-78.71237766
15154629724,38.62915956415236,-90.2937562
8943284072,40.454767160117626,-106.7852532
4426439185,35.79832331,-78.68310018
4365750407,35.774673856794834,-78.69244432
15158086202,38.62351837567985,-90.23234057
7989276551,35.80686321482062,-78.63807527
5065461214,35.79808694310486,-78.68311191
6582610594,35.80656448379159,-78.63778895
3167093154,45.283541,-111.401763
10514551350,40.457004,-106.802457
11789852084,38.75706246122718,-90.16462971
12472498238,38.638087967410684,-90.25159883
5024819051,35.798092391341925,-78.68377349
8395692408,38.51964371278882,-78.43094487
11789850648,38.757112082093954,-90.1647458
7178276393,35.82187914289534,-78.64108438
6870711266,35.841664960607886,-78.78087793
5206242470,35.80212249420583,-78.68501955
11090632149,40.005454905331135,-105.2447142
11164442988,38.63817329518497,-90.25193486
10997832183,38.638476971536875,-90.25263433
11058305479,38.63818980753422,-90.25173118
8275131863,35.80682583153248,-78.63807628
10772093255,38.63137414678931,-90.29246698
15616519944,38.63815276,-90.25152901
3499290008,35.76590655371547,-78.70403239
5108921647,35.7980918,-78.68308098
15310770918,38.638289384543896,-90.25187644
3463502307,35.76341603882611,-78.71238797
11695215446,38.638221491128206,-90.25156472
5054742936,35.798236,-78.683137
11733036016,38.63826373592019,-90.25141594
15479903781,41.37562533840537,-85.67666757
7144940919,35.80636315047741,-78.63790981
6212307235,35.80627514049411,-78.63775651
7746080616,35.806313110515475,-78.63773053
7779807425,35.80684795975685,-78.63815716
15357995147,38.62295981,-90.23104984
5506820451,35.806911,-78.638255
8012661367,35.80686355009675,-78.63819866
6228783030,35.78633375,-78.67040746
5119968238,35.798114854842424,-78.68303672
5060704909,35.79815114848316,-78.68319204
10915132168,38.63608963787556,-90.24169025
12552810453,38.60234744846821,-90.28094706
5620649995,35.806227,-78.639911
14991803787,17.973374230787158,-67.05488934
5254150751,35.798180317506194,-78.68343612
3169473706,45.283217,-111.40164
7621621430,35.80629483796656,-78.63783689
11149531950,38.638397846370935,-90.25186286
11782754997,38.63834487274289,-90.25156648
11231017095,40.45597507618368,-106.7692852
12217511044,39.11693570204079,-84.59259748
14280792857,38.64392445422709,-90.28346482
6670835904,35.806753411889076,-78.63768702
7603941962,35.80623482353985,-78.63795013
8948683944,40.45322338119149,-106.7735352
13965874121,38.637981014326215,-90.25161987
3451828293,35.76509216800332,-78.69375961
3447974190,35.76319567859173,-78.71235495
3698070679,35.79772333614528,-78.68377215
11210777801,38.63848409615457,-90.25140236
7551856944,35.78646576963365,-78.67052346
10128153440,40.11312598362565,-88.16246445
10806231852,38.638270357623696,-90.25155726
13133996105,38.63831017166376,-90.25224885
4201943148,35.79805877991021,-78.68350762
5043559871,35.7980022,-78.68378816
6571933391,35.78674564138055,-78.66976599
5347471604,41.939912,-87.655308
8491769812,35.806779311969876,-78.63821475
7208767685,35.80671242438257,-78.63814853
11158149488,38.643465880304575,-90.28388609
9320581135,35.80697041936219,-78.63818139
6183480349,35.78658102080226,-78.67062019
5343068186,35.79817227087915,-78.68336068
9315278771,35.76667785644531,-78.67706671
10264300145,38.629403645172715,-90.29471761
9941616228,38.62944580614567,-90.29367196
11112824034,38.638235572725534,-90.25159791
9863773870,38.725192956626415,-90.44621824
9192211555,35.80687822,-78.63794301
3772153136,35.798015194013715,-78.68337628
6746915227,36.06937872245908,-78.90821186
7091721477,40.086395759135485,-105.2062439
10539425470,40.458584,-106.80271
7827633623,35.80657236278057,-78.63778333
7998803605,35.80622694455087,-78.63771083
10246441225,38.63819274120033,-90.25161644
6323467356,35.80674201250076,-78.63805692
7298238636,43.60180257819593,3.8933908380568027
6605555169,41.90667867,-87.6800327
11453789850,38.63831067457795,-90.25258689
7123291145,35.80680135637522,-78.63834333
5293609085,35.79808291979134,-78.68325482
5507638377,35.79792911186814,-78.6831513
3738487388,35.87888295762241,-78.76042675
10705179160,39.38263499177992,-106.0629423
12328590921,38.60238474793732,-90.9989372
6641664321,33.72769752,-111.8607904
4744446850,41.93995985202491,-87.65630814
8424314026,35.80682574771345,-78.63814442
11416984546,38.63818704150617,-90.25180201
3908029320,35.79804218374193,-78.68293136
9233810269,35.80689104273915,-78.63805281
11934535347,38.63845392130315,-90.25288789
12111496801,39.09674319438636,-84.51502548
15561611369,38.638264490291476,-90.25160763
4862395001,40.115909446030855,-88.16862146
5676308636,33.50292153,-111.9183378
11046109120,38.63826532848179,-90.25185557
3636963263,35.79828668385744,-78.68397156
11418520552,38.63830480724573,-90.25199178
4483501770,35.79805945046246,-78.68294662
6312742528,35.80681225284934,-78.63819111
11756526490,38.63818695768714,-90.25173479
6592625933,35.78586612828076,-78.67047745
7773295387,35.81333982758224,-78.63884071
7978284107,35.80689766444266,-78.6377462
3897259522,35.79850646,-78.68366059
13101051353,44.02284091338515,-92.47893261
13329924732,40.458041,-106.803394
11567543280,38.63829122856259,-90.25166589
3966510379,35.79829506576061,-78.68304787
4868815576,40.11595027,-88.1692175
7210469116,35.80661125481129,-78.63786832
5063368854,35.798312,-78.683307
8263150146,35.76673694886267,-78.67773391
4980354612,35.939852,-78.580991
12790146739,41.21722228825092,-81.52552659
8315772495,35.80684552900493,-78.63825984
9503116418,38.63827303983271,-90.25180402
10678520290,40.48177482560277,-106.7765322
12507458882,38.63788244314492,-90.25161954
12073844725,38.63793985918164,-90.25166421
4647329285,41.906564673408866,-87.6800161
8985325471,40.45685099,-106.8022624
7079010209,35.806270530447364,-78.63770848
9207945012,35.80683924257755,-78.63823621
6591303408,35.806296514347196,-78.63776858
10951272170,38.62911329604685,-90.29374539
10824797141,38.62923290580511,-90.29362486
10869280367,38.638247391209006,-90.25174937
4936320379,40.11597675271332,-88.16907057
4617676531,41.94880099967122,-87.64469619
4874949055,40.11607088148594,-88.1688031
6136146533,35.80644395202398,-78.63774486
6707533811,35.80640229396522,-78.63774142
4492829868,35.798350889235735,-78.68284905
8092058372,41.93833460099995,-87.65256696
14436436298,38.638170612975955,-90.25171819
8429978459,35.754489647224545,-78.64917434
8972546235,40.45473757199943,-106.7852493
5412189998,35.79804126173258,-78.68350041
12620121216,38.63839918747544,-90.25255839
11711692776,38.63216950558126,-90.29369501
6904338910,40.45808069,-106.8035076
7133521609,35.83645108155906,-78.758859
6455162181,35.80680303275585,-78.63820913
10870433555,45.326423,-121.642339
3172441816,45.283524,-111.40153
11114181371,40.462585,-106.78394
9837386583,38.63150976598263,-90.29255692
4458996921,35.79807495698333,-78.68331224
7187492889,35.806872518733144,-78.63821642
15414674242,38.63822719082236,-90.25163789
6555427015,35.80653363838792,-78.63786908
7981239196,35.806897999718785,-78.63792222
12657613368,38.63824320025742,-90.25156581
4852203739,40.11587985791266,-88.16915313
3814996940,35.83648477680981,-78.75902496
5512585172,35.806761,-78.638368
4620884786,41.948519283905625,-87.643743
12181980531,38.631420163437724,-90.29252146
6562845880,35.78697337768972,-78.67215986
11599118529,38.63812937401235,-90.25167963
6812665572,36.24694841913879,-115.2818777
12575037707,38.63144153729081,-90.29253605
10068752821,38.62349390052259,-90.23206229
13087372536,38.63821780309081,-90.25158576
11518824581,38.63818955607712,-90.25148283
3744015289,36.061009895056486,-79.11407207
5203125131,35.798069,-78.683576
6267252204,35.806293496862054,-78.6377959
11748511852,38.63832341507077,-90.25187317
3526565016,35.76336147263646,-78.71225445
10985822317,42.08390520885587,-87.76381167
8636857359,35.807019118219614,-78.63813965
9180036529,40.456783175468445,-106.8011051
4705759321,41.93956674076617,-87.65636187
6567799364,35.80622971057892,-78.63768007
12483905817,38.63828418776393,-90.25121679
12618207289,38.638251749798656,-90.25152465
4580248003,41.93958886899054,-87.65644183
13365744301,40.457096,-106.803342
4456276760,35.797993233427405,-78.6830265
4796158164,40.11602511629462,-88.16886554
3643003571,35.79817973077297,-78.68330495
13311697754,40.457047,-106.803219
5481305685,35.806982,-78.639462
12097377420,38.63832341507077,-90.25209395
9801436444,38.62905537709594,-90.2936806
7562734577,35.76758620329201,-78.67746033
14174722587,38.638325929641724,-90.25289132
9632618670,40.09301452897489,-88.23825421
6988141285,35.80613348633051,-78.637826
13347257008,40.457056,-106.803461
3848453423,35.76659621670842,-78.67659448
6071807471,35.786891989409924,-78.66131368
4140835921,40.11605093255639,-88.16926913
6641664970,33.497188640758395,-111.927803
5532906134,35.807109,-78.638216
6710135221,35.836178585886955,-78.7604151
14825586748,38.64249114878476,-90.283569
9573467785,38.63144279457629,-90.2925938
5101955930,35.774862,-78.542112
11174688923,38.638525418937206,-90.25255085
14874919991,38.62352089,-90.2319882
6059773055,35.78828455880284,-78.670961
7221504840,35.80666548572481,-78.63795583
9056101858,40.45472156256437,-106.7852527
14714216631,38.63675197586417,-90.25381266
13123422238,38.63821436651051,-90.25138317
9475645575,38.63819709978998,-90.25190067
9160931878,35.766737535595894,-78.67745169
11613018411,45.53349749185145,-122.6943241
4548437262,35.79810379073024,-78.68341525
13329139637,40.457116,-106.803438
12923365534,43.98399515077472,-114.8721552
9866930608,38.62713801674545,-91.06110351
7103434088,40.03218077123165,-105.3162911
7165549120,35.806833961978555,-78.638258
12083184279,38.62913651391864,-90.29376006
7222494642,35.776516031473875,-78.69639656
12751129182,38.62350412644446,-90.23229129
14617489028,38.63817723467946,-90.25081395
6416773832,35.806257873773575,-78.63783496
5050509206,35.787011,-78.672659
5131063400,35.798185,-78.683179
8169101168,35.818397887051105,-78.63053089
6442773884,35.67184844054282,-83.58054779
11923651862,38.63840480335057,-90.25189715
7785052137,35.80624530091882,-78.63785097
3675955208,35.79809709,-78.68337778
10527559427,40.45713,-106.803262
6428400349,35.767739759758115,-82.26447257
7768219166,35.806531039997935,-78.63792641
15703904559,38.63824421,-90.25178659
12049130032,38.63821537233889,-90.25161149
8429977866,35.77373944222927,-78.67287191
15337804648,39.09675828181207,-84.51498214
12293626610,38.62352776,-90.23215064
8597032542,35.80680060200393,-78.63830083
3593879659,35.76336876489222,-78.71219049
10462445097,38.63835694268346,-90.25257298
14157289649,38.63816214725375,-90.2515332
5350834435,41.936914,-87.655231
6809132086,36.12841590307653,-115.473809
4465138260,35.79822591505945,-78.68330293
12632769269,38.62356372177601,-90.23214737
6746918759,36.06936606578529,-78.90986125
14029364479,38.64363712258637,-90.28334253
11364425933,38.638383680954576,-90.25201533
5198423959,35.79818,-78.683235
9904307230,38.638559114187956,-90.25163538
4810344319,40.115984128788114,-88.1691512
8468962714,35.80660195089877,-78.63765517
13144664983,38.63823775202036,-90.25153597
3766888435,35.797920478507876,-78.68355716
4345186386,35.798252653330564,-78.68335163
6622386319,41.90678612329066,-87.68244593
8480192405,35.78731209039688,-78.64797866
9073783230,35.806629275903106,-78.63793035
9651821096,38.631421672180295,-90.29249607
5265419964,35.83642853423953,-78.75919587
6860932224,35.77683135867119,-78.69541453
6206729317,35.807029008865356,-78.63825708
4402698591,35.79845432192087,-78.68414297
3796274349,35.76498311944306,-78.70450169
6734377137,35.80653967,-78.63774025
5292544915,40.116089,-88.169097
4152124809,35.772068,-78.540648
14906512898,38.75711476430297,-90.16479744
9752583951,38.63167153671384,-90.29267234
11854519301,38.63183624111116,-90.29267242
7923690070,35.766998548060656,-78.67723452
5179691536,35.798232,-78.683159
4787589023,41.94008004851639,-87.65552125
14776230725,38.638168182224035,-90.25179405
3832912485,35.79801695421338,-78.68319321
6194938390,35.80621328,-78.63780865
13577006496,40.464764,-106.786748
15715808977,38.569896407425404,-90.88115713
3990854390,35.764105366542935,-78.6696059
6661292704,35.816041650250554,-78.6363377
6184076568,35.80635250546038,-78.63771745
15745139139,38.62350555,-90.23220462
4025829200,35.844602985307574,-78.77788668
15589659171,38.623924646526575,-90.23242372
3572736016,35.76333004049957,-78.71240968
11642455982,38.63838627934456,-90.25150646
8266416561,35.80679657869041,-78.63817636
15357883022,38.62353606149554,-90.23230034
7990219793,35.806346302852035,-78.63775332
4765377705,41.939783496782184,-87.65650939
8572706972,35.80686355009675,-78.63819547
6227125959,35.80633381381631,-78.63773765
14870849649,38.62909653224051,-90.29370289
6897124057,40.456239776685834,-106.8056221
4671798169,41.92821311764419,-87.63486958
5615580437,35.806973,-78.638322
11558293441,38.62924413755536,-90.29379434
4686992638,41.939937975257635,-87.65657251
4181506570,35.79826455563307,-78.68323202
6188251750,35.80675601027906,-78.63804979
7640456384,35.80665391869843,-78.63804216
13443695624,38.63818553,-90.25137772
5305317849,35.79803346656263,-78.68310981
11064372373,38.63828435540199,-90.2517663
7118784319,35.80644269473851,-78.637683
6771992954,35.836023185402155,-78.75980808
6291294898,35.806664396077394,-78.63817175
5789002159,40.75728279,-106.8137601
6738327152,35.80637287348509,-78.63778928
7551856878,35.806393660604954,-78.63770823
10529491010,38.638208247721195,-90.25168802
14941672184,38.62914623692632,-90.29366367
14945938741,38.62353094853461,-90.2319203
14874920317,38.62352650612593,-90.23232138
7673569131,35.80627924762666,-78.63787184
5359830367,35.79809859395027,-78.68321048
6386197224,35.80684879794717,-78.63811576
6926534802,40.45538926497102,-106.7882559
9522904379,38.63816172815859,-90.25172238
11382537586,40.116017488762736,-88.16898339
5273377122,35.798223,-78.683273
6866143026,35.806750897318125,-78.63811861
4374395680,35.84278863854706,-78.77969624
13413785705,38.64354659803212,-90.28371703
9408217965,35.76720088720322,-78.67648199
12690421165,38.631367441266775,-90.29264669
4144764380,40.11601413600147,-88.16895372
5417408987,35.798082584515214,-78.68321601
14896510564,38.64277907,-90.28305905
11308423635,38.63156517036259,-90.2928419
7030971634,35.80690294504166,-78.63810536
6337146821,35.81598331220448,-78.63048923
5301635422,40.116037,-88.169003
4796158230,41.939711663872004,-87.6555163
10961857437,38.63794136792421,-90.25132198
7149348267,35.809080731123686,-78.63581099
6496715172,35.806315038353205,-78.63777461
7128827697,35.80665190704167,-78.63804325
4041216202,35.83641713485122,-78.75916611
10243018857,38.63819969817996,-90.25160638
4588964913,40.457067,-106.80292
3567890196,35.75875913724303,-78.66076928
5391338019,35.79821719788015,-78.6838268
10345171933,38.638351410627365,-90.2517777
8363719783,35.84200384095311,-78.78046562
13188363575,38.63822618499398,-90.25146288
11022759153,38.631408009678125,-90.29249498
5500186591,35.776006327942014,-78.7062701
7832486698,35.80673849210143,-78.63803085
8546834396,35.82080835476518,-78.63399748
6228783059,35.78792514279485,-78.66826865
9485496848,38.63817707,-90.25184903
5337718966,35.79855037853122,-78.68400944
8480190838,35.80659365281463,-78.63799296
4583429717,41.94001299329102,-87.65543592
3929431003,35.79795225,-78.6832259
11122213128,40.464564,-106.78664
11136736047,38.63126325421035,-90.29259237
13378093427,38.63135654479265,-90.29248777
11085153303,40.08009994402528,-105.5327511
5159925957,35.794246,-78.686905
8486141195,35.817144960165024,-78.92799349
5328849896,33.502933,-111.918419
4419176260,35.79822205938399,-78.6834357
5259842856,35.79822708852589,-78.68312079
13062213650,38.583313,-90.302797
11764498166,38.63820548169315,-90.25185498
3842373502,35.79828333109617,-78.68309255
7581493527,35.786201572045684,-78.67032724
6725498888,35.80636063590646,-78.63786858
14140353309,38.64296413958073,-90.2835162
13016882679,38.62913609482348,-90.29368462
8037482399,40.11619736,-88.16892204
12027340496,38.629117738455534,-90.29373961
6855765613,35.807222882285714,-78.63845657
5142830317,35.798197,-78.683149
11884831612,40.45187892392278,-106.8164092
6190060605,35.78534963540733,-78.67193749
9589330756,38.63675926811993,-90.28566532
8351242552,35.806787023320794,-78.63829253
9239434576,35.80682792700827,-78.63830578
5037793440,35.79817771911621,-78.68309213
10488775593,38.63809861242771,-90.25194551
5318855533,41.939739,-87.655382
6492035820,35.80630070529878,-78.6377493
8470543333,35.766835855320096,-78.67754448
15029940086,18.312792610377073,-66.77338991
8712292678,35.806485107168555,-78.63806295
4734426074,41.94022689945996,-87.65548261
13866796051,40.11788723990321,-88.21139515
13704403022,38.638224843889475,-90.25183143
7155738238,35.80622912,-78.63779959
8311451595,35.77606122940779,-78.69659831
9490940689,38.63817488774657,-90.2519735
8948820948,40.45638235285878,-106.8056228
7309906596,43.61474549397826,3.8621141854673624
13356245995,40.457012,-106.803375
15636649131,38.638259544968605,-90.25135584
11009546962,38.63837311975658,-90.25224684
8808617761,35.80675248987973,-78.63816647
4010396386,35.798052409663796,-78.68378489
6587627280,35.80668803304434,-78.63797612
7617572821,35.80688366666436,-78.63814887
6042923558,41.21721784584224,-81.52565659
3557115882,35.76345216482878,-78.7122987
9607066941,38.63135285675526,-90.29254435
8297434443,35.806794399395585,-78.63835104
6904753076,40.45543419197202,-106.7883099
8688627730,36.24524136073887,-81.4578459
7332306013,43.601538548246026,3.8925441820174456
13883004856,38.63813708536327,-90.25189446
10995292677,38.581136371940374,-90.4054138
3914618916,35.77407698146999,-78.6926858
12699555029,38.63816357217729,-90.25159959
5336642170,35.79909930936992,-78.68290236
6580589978,35.92848504893482,-78.60595255
12306730536,38.629132993519306,-90.29364397
11842901236,38.63861887715757,-90.25352374
6765245715,35.806404976174235,-78.63774679
8411414483,35.80643792,-78.6379415
3874116972,35.79812986,-78.6831964
3801500351,35.79796356149018,-78.68366084
13692819601,40.11617498472333,-88.16909756
10521654409,38.636762453243136,-90.28572483
13558316962,40.464603,-106.786631
15375537228,38.62916241399944,-90.29372653
7762637575,35.80671292729676,-78.63804619
12560861325,38.63825384527445,-90.25188223
8321779386,35.80673061311245,-78.63827426
10171721224,38.629078175872564,-90.29371161
6267624730,35.78685527667403,-78.66966231
3562622360,35.81360042095184,-78.70913168
8546834265,35.80701501108706,-78.63748301
12055358272,38.63816550001502,-90.25129356
11606500057,38.638261053711176,-90.25184325
8578888853,35.806881319731474,-78.63806966
7994741119,35.80687855370343,-78.63830024
8286426018,35.80676305107772,-78.63814132
4032046380,35.838373471051455,-78.78220662
5297876314,40.11533,-88.169217
8333446979,35.82107422873378,-78.63481354
9009221287,40.454714270308614,-106.7852908
14600874800,38.63823289051652,-90.25193319
8760248450,35.80646155402064,-78.63789682
4584192442,40.457121,-106.803489
3180597047,45.283596,-111.401745
5102354828,35.798208648338914,-78.68322322
3705301903,35.79806523397565,-78.68350049
7193266204,35.80680236,-78.63823378
8446428585,35.80688694,-78.63814794
12049325703,38.63824160769582,-90.25176773
12372373918,38.601294849067926,-90.35178822
3682547819,35.79795333556831,-78.68325616